S. No, IP Source, IP Destination, Packet Count, Time of Attack
1, 192.168.1.1, 192.168.1.1, 128, 2017-04-01 00:00:00
2, 192.168.1.2, 192.168.1.11, 128, 2017-04-02 00:00:00
3, 192.168.1.3, 192.168.1.21, 128, 2017-04-03 00:00:00
4, 192.168.1.4, 192.168.1.31, 128, 2017-04-04 00:00:00
5, 192.168.1.5, 192.168.1.41, 128, 2017-04-05 00:00:00
6, 192.168.1.6, 192.168.1.51, 128, 2017-04-06 00:00:00
7, 192.168.1.7, 192.168.1.61, 128, 2017-04-07 00:00:00
8, 192.168.1.8, 192.168.1.71, 128, 2017-04-08 00:00:00
9, 192.168.1.9, 192.168.1.81, 128, 2017-04-09 00:00:00
10, 192.168.1.10, 192.168.1.91, 128, 2017-05-01 00:00:00
11, 192.168.1.11, 192.168.1.101, 128, 2017-05-02 00:00:00
12, 192.168.1.12, 192.168.1.111, 128, 2017-05-03 00:00:00
13, 192.168.1.13, 192.168.1.121, 128, 2017-05-04 00:00:00
14, 192.168.1.14, 192.168.1.131, 128, 2017-05-05 00:00:00
15, 192.168.1.15, 192.168.1.141, 128, 2017-05-06 00:00:00
16, 192.168.1.16, 192.168.1.151, 128, 2017-05-07 00:00:00
17, 192.168.1.17, 192.168.1.161, 128, 2017-05-08 00:00:00
18, 192.168.1.18, 192.168.1.171, 128, 2017-05-09 00:00:00
19, 192.168.1.19, 192.168.1.181, 128, 2017-05-10 00:00:00
20, 192.168.1.20, 192.168.1.191, 128, 2017-05-11 00:00:00